1,Hans Andersson,qwert12345,1
2,Lisa Svensson,abcde67890,2
3,Erik Karlsson,zxcvb12345,3
4,Anna Johansson,asdfg67890,4
5,Olof Nilsson,mnbvc12345,5
6,Emma Pettersson,plmko67890,6
7,Anders Larsson,qwexy12345,7
8,Sara Eriksson,asdzy67890,8
9,Johan Karlsson,zxcby12345,9
10,Maria Andersson,asdfg67890,10
1,Hans Andersson,qwert12345,11
2,Lisa Svensson,abcde67890,12
3,Erik Karlsson,zxcvb12345,13
3,Erik Karlsson,zxcvb12345,14
6,Emma Pettersson,plmko67890,15
6,Emma Pettersson,plmko67890,16
6,Emma Pettersson,plmko67890,17
8,Sara Eriksson,asdzy67890,18
9,Johan Karlsson,zxcby12345,19
9,Johan Karlsson,zxcby12345,20